{"fx": 607.5377197265625, "fy": 607.19091796875, "ppx": 318.7126159667969, "ppy": 239.07411193847656}